﻿{
  "Author": "Ottermandias",
  "Name": "RezPls",
  "Punchline": "Highlighting of Raises and detrimental status effects.",
  "Description": "Easy overview about who is currently resurrecting who, who is already resurrected, and who has removable detrimental status effects in the world as well as in the group or alliance interface.",
  "Tags": [ "Resurrection", "Raise", "Debuff", "Condition", "Status Effect", "Cleanse", "Esuna", "Highlight", "Interface" ],
  "InternalName": "RezPls",
  "AssemblyVersion": "1.2.0.0",
  "RepoUrl": "https://github.com/Ottermandias/RezPls",
  "ApplicableVersion": "any",
  "DalamudApiLevel": 4,
  "LoadPriority": 0,
  "ImageUrls": [],
  "IconUrl": "https://raw.githubusercontent.com/Ottermandias/RezPls/master/images/icon.png"
}